{"image_id":{"0":"img_1","1":"img_2","2":"img_3","3":"img_4","4":"img_5","5":"img_6","6":"img_7","7":"img_8","8":"img_9","9":"img_10","10":"img_11","11":"img_12","12":"img_13","13":"img_14","14":"img_15"},"time":{"0":0.0,"1":0.0,"2":0.0,"3":0.0,"4":0.0,"5":0.0,"6":0.0,"7":0.0,"8":0.0,"9":0.0,"10":15.0,"11":15.0,"12":15.0,"13":15.0,"14":15.0},"eccentricity":{"0":0.4425423201,"1":0.3578831146,"2":0.4952086271,"3":0.553254937,"4":0.4557852793,"5":0.4347578343,"6":0.5142711458,"7":0.489830334,"8":0.5154563776,"9":0.4935628201,"10":0.4786813359,"11":0.5348662947,"12":0.4800096228,"13":0.4755816484,"14":0.4865233632},"equivalent_diameter":{"0":22.6069960535,"1":21.9782733798,"2":22.0988813754,"3":17.3455965894,"4":19.0585183873,"5":18.5289355455,"6":17.106177774,"7":16.6955007554,"8":16.8098886993,"9":17.0331067727,"10":16.9590137692,"11":16.3268316307,"12":17.1153661603,"13":15.8239927744,"14":16.8236994851},"feret_diameter_max":{"0":24.699065227,"1":23.4395684068,"2":24.8888010718,"3":19.4763990788,"4":20.8147477103,"5":20.2459061179,"6":19.3476166022,"7":18.611020809,"8":18.9527539195,"9":19.1979651207,"10":18.8668672037,"11":18.5127503284,"12":19.0126163528,"13":17.6542340926,"14":18.702228451},"filled_area":{"0":403.1589451469,"1":381.1790059777,"2":390.2715322095,"3":242.5320521281,"4":287.2285732247,"5":272.2555764654,"6":235.0126354488,"7":223.3057568292,"8":224.4646969075,"9":231.0460618948,"10":228.4349111705,"11":212.3138695786,"12":232.4747519743,"13":201.0431003643,"14":224.0641065705},"perimeter":{"0":76.7367573438,"1":74.15806455,"2":77.6834234966,"3":59.1593126072,"4":64.5607353156,"5":62.642860816,"6":59.6889602012,"7":56.9098258022,"8":57.4880248071,"9":58.9837978933,"10":58.0824293966,"11":55.9323420077,"12":58.4142452975,"13":53.9734674104,"14":57.3492762421},"roundness":{"0":0.8558292148,"1":0.8665990652,"2":0.8242738584,"3":0.846901216,"4":0.8598254802,"5":0.8637619888,"6":0.8300133681,"7":0.8470013188,"8":0.8433974494,"9":0.8386501449,"10":0.84030937,"11":0.840702538,"12":0.8470859539,"13":0.8466200498,"14":0.8490905613},"L":{"0":34.0700855115,"1":33.5525899681,"2":30.8002317508,"3":27.2441793532,"4":22.7270911346,"5":27.3242729587,"6":22.3564622617,"7":25.279697292,"8":26.9826065183,"9":26.1741925429,"10":24.4359754726,"11":30.1979984221,"12":27.1148211216,"13":28.0738549672,"14":29.6649607001},"a":{"0":-37.069965294,"1":-29.1034162992,"2":-33.3219733956,"3":-11.2023967371,"4":-12.2728422424,"5":-12.2336940636,"6":-7.0119713856,"7":-7.3310302589,"8":-7.0554752453,"9":-6.0757637719,"10":-6.2131704519,"11":-6.6083218756,"12":-5.6453450208,"13":-6.1222811585,"14":-6.4080715267},"b":{"0":37.7470311297,"1":37.3197390062,"2":36.4791190753,"3":28.9477241297,"4":28.4750310803,"5":29.4972115636,"6":25.78360493,"7":26.7838328846,"8":26.962232168,"9":25.9613517289,"10":26.4521623618,"11":26.9660027927,"12":26.6921829125,"13":26.4184821876,"14":27.5554432085},"contrast":{"0":120.629009619,"1":136.5433475703,"2":106.0578690213,"3":169.5487377194,"4":136.0545249952,"5":150.4173114068,"6":173.722422306,"7":183.5942567931,"8":178.4277408661,"9":174.3073464634,"10":188.6440037455,"11":213.3811735429,"12":185.9649082074,"13":220.1830271235,"14":186.3323290509},"correlation":{"0":0.9866913262,"1":0.9849967228,"2":0.988425733,"3":0.9808227803,"4":0.9831920369,"5":0.9823065614,"6":0.9782408803,"7":0.9782924303,"8":0.9796939532,"9":0.9797585752,"10":0.9779312724,"11":0.977405529,"12":0.978936173,"13":0.9752597833,"14":0.9794208372},"energy":{"0":0.2354001649,"1":0.2460464425,"2":0.2425558957,"3":0.2564476528,"4":0.237896157,"5":0.2429572974,"6":0.2483496794,"7":0.2381776066,"8":0.2462626994,"9":0.2480923475,"10":0.2516537274,"11":0.2512954659,"12":0.2513001442,"13":0.244050028,"14":0.2481334155},"homogeneity":{"0":0.6144881459,"1":0.6169160428,"2":0.6050433841,"3":0.4859288827,"4":0.4771993084,"5":0.483751529,"6":0.4708767436,"7":0.4657464752,"8":0.4642174851,"9":0.4650977542,"10":0.4725911344,"11":0.4625434508,"12":0.4808008451,"13":0.4676083378,"14":0.4841382958},"entropy":{"0":5.9896299157,"1":5.9230573567,"2":6.0516427565,"3":6.032074756,"4":6.213691485,"5":6.1011745158,"6":6.118991017,"7":6.1386844933,"8":6.1438275848,"9":6.126340848,"10":6.1278464334,"11":6.0797928072,"12":6.1050424993,"13":6.1388293564,"14":6.0533705756},"uniformity":{"0":0.0560629913,"1":0.0612488245,"2":0.0598348523,"3":0.0674252716,"4":0.0583232477,"5":0.0598877496,"6":0.0635376992,"7":0.0579862553,"8":0.0619003207,"9":0.0639952068,"10":0.0655804146,"11":0.0644601797,"12":0.0641926773,"13":0.0612002881,"14":0.0630302433}}