{"time":{"0.0":0.0,"15.0":15.0},"eccentricity":{"0.0":0.475255279,"15.0":0.491132453},"equivalent_diameter":{"0.0":18.9261875332,"15.0":16.6097807639},"feret_diameter_max":{"0.0":20.9673844064,"15.0":18.5497392857},"filled_area":{"0.0":289.0454836233,"15.0":219.6661479316},"perimeter":{"0.0":64.8011762833,"15.0":56.7503520709},"roundness":{"0.0":0.8476253105,"15.0":0.8447616946},"L":{"0.0":27.6511409292,"15.0":27.8975221367},"a":{"0.0":-16.2678528694,"15.0":-6.1994380067},"b":{"0.0":30.3956877696,"15.0":26.8168546926},"contrast":{"0.0":152.9302566761,"15.0":198.901088334},"correlation":{"0.0":0.9822421,"15.0":0.977790719},"energy":{"0.0":0.2442185943,"15.0":0.2492865562},"homogeneity":{"0.0":0.5149265751,"15.0":0.4735364128},"entropy":{"0.0":6.0839114729,"15.0":6.1009763344},"uniformity":{"0.0":0.0610202419,"15.0":0.0636927606}}