{"image_id":{"0":"img_1","1":"img_2","2":"img_3","3":"img_4","4":"img_5","5":"img_6","6":"img_7","7":"img_8","8":"img_9","9":"img_10","10":"img_11","11":"img_12","12":"img_13","13":"img_14","14":"img_15"},"time":{"0":0.0,"1":0.0,"2":0.0,"3":15.0,"4":15.0,"5":15.0,"6":30.0,"7":30.0,"8":30.0,"9":45.0,"10":45.0,"11":45.0,"12":60.0,"13":60.0,"14":60.0},"eccentricity":{"0":0.4425423201,"1":0.3578831146,"2":0.4952086271,"3":0.553254937,"4":0.4557852793,"5":0.4347578343,"6":0.5142711458,"7":0.489830334,"8":0.5154563776,"9":0.4935628201,"10":0.4786813359,"11":0.5348662947,"12":0.4972391419,"13":0.497453594,"14":0.4865233632},"equivalent_diameter":{"0":11.2655939859,"1":10.9522867975,"2":11.0123885777,"3":8.6437157841,"4":9.4973047111,"5":9.2334012158,"6":8.5244077982,"7":8.3197578509,"8":8.3767600342,"9":8.4879948121,"10":8.4510725385,"11":8.1360414179,"12":8.4308945743,"13":7.7528403522,"14":8.3836422712},"feret_diameter_max":{"0":12.3081209029,"1":11.6804842293,"2":12.4026707045,"3":9.7055444168,"4":10.3724747891,"5":10.0890077417,"6":9.6413691018,"7":9.2743062192,"8":9.4445998073,"9":9.5667942743,"10":9.4018004515,"11":9.2253357442,"12":9.4349224951,"13":8.7917384776,"14":9.3197571168},"filled_area":{"0":100.2116266667,"1":94.74816,"2":97.0082533333,"3":60.2852342857,"4":71.395272,"5":67.6734933333,"6":58.4161625806,"7":55.50623,"8":55.7943031579,"9":57.4302070588,"10":56.7811636364,"11":52.77402,"12":56.5711268571,"13":48.5460733333,"14":55.69473},"perimeter":{"0":38.3950732716,"1":37.1048298187,"2":38.868735667,"3":29.6002361955,"4":32.3028265556,"5":31.3432221302,"6":29.8652442423,"7":28.4747102586,"8":28.7640109005,"9":29.5124177818,"10":29.0614199722,"11":27.9856283217,"12":28.9697524558,"13":26.7132498602,"14":28.6945883513},"roundness":{"0":0.8497375386,"1":0.8604307307,"2":0.818406789,"3":0.8408730881,"4":0.8537053591,"5":0.8576138482,"6":0.8241054456,"7":0.8409724784,"8":0.8373942608,"9":0.832680747,"10":0.8343281619,"11":0.8347185314,"12":0.8358721985,"13":0.8287994747,"14":0.8430468499},"L":{"0":61.8043941766,"1":61.4655412217,"2":59.7253032797,"3":57.5045326913,"4":55.2031080618,"5":57.6096175174,"6":54.6704375663,"7":57.0677122763,"8":57.3079789058,"9":56.9530643181,"10":55.7936303565,"11":59.4943917591,"12":57.388666447,"13":57.9957970261,"14":59.289300896},"a":{"0":-29.5703727502,"1":-27.272812951,"2":-28.4888404535,"3":-18.2305208106,"4":-19.2056683654,"5":-19.0739004042,"6":-14.7123789185,"7":-15.0562199857,"8":-14.7744634901,"9":-13.8035803075,"10":-13.9255825424,"11":-14.335344632,"12":-13.3376822005,"13":-13.9095856496,"14":-14.1348245243},"b":{"0":33.3974332671,"1":32.7996582972,"2":31.602535775,"3":22.015439736,"4":21.5070666574,"5":22.6080910024,"6":18.5032430025,"7":19.6629411634,"8":19.8020366472,"9":18.6942114045,"10":19.2508134322,"11":19.7450524358,"12":19.4499187669,"13":19.4328108314,"14":20.4570762986},"contrast":{"0":120.629009619,"1":136.5433475703,"2":106.0578690213,"3":169.5487377194,"4":136.0545249952,"5":150.4173114068,"6":173.722422306,"7":183.5942567931,"8":178.4277408661,"9":174.3073464634,"10":188.6440037455,"11":213.3811735429,"12":184.3546864959,"13":216.9315174607,"14":186.3323290509},"correlation":{"0":0.9866913262,"1":0.9849967228,"2":0.988425733,"3":0.9808227803,"4":0.9831920369,"5":0.9823065614,"6":0.9782408803,"7":0.9782924303,"8":0.9796939532,"9":0.9797585752,"10":0.9779312724,"11":0.977405529,"12":0.9788187973,"13":0.9755106957,"14":0.9794208372},"energy":{"0":0.2354001649,"1":0.2460464425,"2":0.2425558957,"3":0.2564476528,"4":0.237896157,"5":0.2429572974,"6":0.2483496794,"7":0.2381776066,"8":0.2462626994,"9":0.2480923475,"10":0.2516537274,"11":0.2512954659,"12":0.2471476825,"13":0.2454960427,"14":0.2481334155},"homogeneity":{"0":0.6144881459,"1":0.6169160428,"2":0.6050433841,"3":0.4859288827,"4":0.4771993084,"5":0.483751529,"6":0.4708767436,"7":0.4657464752,"8":0.4642174851,"9":0.4650977542,"10":0.4725911344,"11":0.4625434508,"12":0.4766643453,"13":0.4686286845,"14":0.4841382958},"entropy":{"0":5.9896299157,"1":5.9230573567,"2":6.0516427565,"3":6.032074756,"4":6.213691485,"5":6.1011745158,"6":6.118991017,"7":6.1386844933,"8":6.1438275848,"9":6.126340848,"10":6.1278464334,"11":6.0797928072,"12":6.1247805551,"13":6.1131281674,"14":6.0533705756},"uniformity":{"0":0.0560629913,"1":0.0612488245,"2":0.0598348523,"3":0.0674252716,"4":0.0583232477,"5":0.0598877496,"6":0.0635376992,"7":0.0579862553,"8":0.0619003207,"9":0.0639952068,"10":0.0655804146,"11":0.0644601797,"12":0.0624009442,"13":0.0618948524,"14":0.0630302433}}