{"time":{"0.0":0.0,"15.0":15.0,"30.0":30.0,"45.0":45.0,"60.0":60.0},"eccentricity":{"0.0":0.4318780206,"15.0":0.4812660169,"30.0":0.5065192858,"45.0":0.5023701502,"60.0":0.4937386997},"equivalent_diameter":{"0.0":11.0767564537,"15.0":9.124807237,"30.0":8.4069752277,"45.0":8.3583695895,"60.0":8.1891257326},"feret_diameter_max":{"0.0":12.1304252789,"15.0":10.0556756492,"30.0":9.4534250428,"45.0":9.3979768233,"60.0":9.1821393632},"filled_area":{"0.0":97.32268,"15.0":66.4513332063,"30.0":56.5722319128,"45.0":55.6617968984,"60.0":53.6039767302},"perimeter":{"0.0":38.1228795858,"15.0":31.0820949604,"30.0":29.0346551338,"45.0":28.8531553586,"60.0":28.1258635558},"roundness":{"0.0":0.8428583528,"15.0":0.8507307651,"30.0":0.8341573949,"45.0":0.8339091468,"60.0":0.8359061744},"L":{"0.0":60.9984128927,"15.0":56.7724194235,"30.0":56.3487095828,"45.0":57.4136954779,"60.0":58.224588123},"a":{"0.0":-28.4440087182,"15.0":-18.8366965267,"30.0":-14.8476874648,"45.0":-14.021502494,"60.0":-13.7940307915},"b":{"0.0":32.5998757798,"15.0":22.0435324653,"30.0":19.3227402711,"45.0":19.2300257575,"60.0":19.779935299},"contrast":{"0.0":121.0767420702,"15.0":152.0068580405,"30.0":178.5814733217,"45.0":192.1108412506,"60.0":195.8728443358},"correlation":{"0.0":0.986704594,"15.0":0.9821071262,"30.0":0.9787424212,"45.0":0.9783651256,"60.0":0.9779167767},"energy":{"0.0":0.2413341677,"15.0":0.2457670357,"30.0":0.2442633285,"45.0":0.2503471803,"60.0":0.2469257136},"homogeneity":{"0.0":0.6121491909,"15.0":0.48229324,"30.0":0.4669469013,"45.0":0.4667441131,"60.0":0.4764771085},"entropy":{"0.0":5.9881100096,"15.0":6.1156469189,"30.0":6.133834365,"45.0":6.1113266962,"60.0":6.0970930994},"uniformity":{"0.0":0.0590488894,"15.0":0.0618787563,"30.0":0.061141425,"45.0":0.0646786003,"60.0":0.0624420133}}