{"image_id":{"0":"img_1","1":"img_2","2":"img_3","3":"img_4","4":"img_5","5":"img_6"},"time":{"0":0.0,"1":15.0,"2":30.0,"3":45.0,"4":60.0,"5":75.0},"eccentricity":{"0":0.4490597984,"1":0.4262583139,"2":0.4496974883,"3":0.4163762918,"4":0.3560413451,"5":0.3482056271},"equivalent_diameter":{"0":7.1794291988,"1":6.4136334674,"2":6.0525890645,"3":5.7692317758,"4":5.5835928006,"5":5.5425397153},"feret_diameter_max":{"0":7.8126854353,"1":6.9899153199,"2":6.5818213693,"3":6.3285134854,"4":5.9841911553,"5":5.9349437438},"filled_area":{"0":41.075401829,"1":32.8898831608,"2":29.0313714306,"3":26.707084836,"4":24.8558933965,"5":24.5769727746},"perimeter":{"0":23.8811465179,"1":21.4318248989,"2":20.1204682935,"3":19.4215474755,"4":18.4965474483,"5":18.3753190021},"roundness":{"0":0.8924187213,"1":0.8901370087,"2":0.8936711287,"3":0.8857955278,"4":0.9000689496,"5":0.8986971765},"L":{"0":43.0290146097,"1":37.0432309006,"2":35.5002824461,"3":35.6787178624,"4":36.5573860921,"5":38.0827438983},"a":{"0":-101.0574900944,"1":-19.6326113789,"2":-15.5639109779,"3":-12.8214397012,"4":-11.4698543604,"5":-11.5396226164},"b":{"0":42.5187898343,"1":30.9506571184,"2":29.2863032343,"3":28.9014873546,"4":27.7927929303,"5":28.3759168119},"contrast":{"0":518.3442290654,"1":825.2306701366,"2":953.012940674,"3":1024.2688414473,"4":1144.5277554424,"5":1214.129873108},"correlation":{"0":0.9536166204,"1":0.9217505841,"2":0.9065162845,"3":0.9062968849,"4":0.8984879008,"5":0.8961102752},"energy":{"0":0.2118187197,"1":0.2154030626,"2":0.2101122022,"3":0.2157892121,"4":0.2101013836,"5":0.2102046373},"homogeneity":{"0":0.3667556389,"1":0.279493589,"2":0.2691332535,"3":0.2685083636,"4":0.2589132894,"5":0.26051276},"entropy":{"0":6.0770165796,"1":6.223836285,"2":6.2729111649,"3":6.3117731686,"4":6.3661964244,"5":6.3569953928},"uniformity":{"0":0.0452897057,"1":0.047318216,"2":0.0444818287,"3":0.0470922333,"4":0.044343394,"5":0.0443170477}}