,image_id,time,eccentricity,equivalent_diameter,feret_diameter_max,filled_area,perimeter,roundness,L,a,b,contrast,correlation,energy,homogeneity,entropy,uniformity
0,img_1,0.0,0.44905979843918253,7.179429198849171,7.812685435268102,41.075401828951826,23.881146517875887,0.8924187212805694,43.02901460968272,-101.05749009435162,42.51878983429846,518.3442290654242,0.9536166203691293,0.21181871965758664,0.36675563893757207,6.077016579631138,0.04528970574931741
1,img_2,15.0,0.4262583138664196,6.413633467356232,6.9899153199170545,32.88988316082464,21.431824898913522,0.8901370087167108,37.04323090055973,-19.63261137891594,30.95065711841622,825.2306701365808,0.9217505840966692,0.21540306262679262,0.2794935889640796,6.223836285028215,0.0473182160134685
2,img_3,30.0,0.4496974883398696,6.052589064473522,6.581821369260462,29.031371430570957,20.120468293470953,0.8936711287404953,35.500282446126896,-15.563910977928948,29.286303234256927,953.0129406739775,0.9065162845343102,0.21011220223770563,0.26913325347094696,6.2729111648606555,0.04448182870975611
3,img_4,45.0,0.41637629178381375,5.76923177578018,6.328513485413155,26.707084836010665,19.42154747547481,0.8857955277598619,35.67871786241436,-12.821439701182475,28.901487354561503,1024.2688414473205,0.9062968849249508,0.21578921208969418,0.2685083635670536,6.311773168631001,0.04709223333622217
4,img_5,60.0,0.35604134513229907,5.583592800609306,5.984191155349164,24.85589339651642,18.496547448319244,0.9000689495869054,36.557386092082915,-11.469854360439491,27.79279293032655,1144.5277554423662,0.8984879008118599,0.2101013836253081,0.25891328943907527,6.366196424371632,0.044343393961664125
5,img_6,75.0,0.3482056270691107,5.542539715269153,5.9349437437892085,24.576972774552537,18.375319002097516,0.8986971764789132,38.082743898348824,-11.5396226164356,28.375916811861885,1214.1298731080108,0.8961102752408111,0.21020463731352684,0.2605127600406636,6.356995392779162,0.04431704774260922
