{"time":{"0.0":0.0,"15.0":15.0,"30.0":30.0,"45.0":45.0,"60.0":60.0,"75.0":75.0},"eccentricity":{"0.0":0.4490597984,"15.0":0.4262583139,"30.0":0.4496974883,"45.0":0.4163762918,"60.0":0.3560413451,"75.0":0.3482056271},"equivalent_diameter":{"0.0":7.1794291988,"15.0":6.4136334674,"30.0":6.0525890645,"45.0":5.7692317758,"60.0":5.5835928006,"75.0":5.5425397153},"feret_diameter_max":{"0.0":7.8126854353,"15.0":6.9899153199,"30.0":6.5818213693,"45.0":6.3285134854,"60.0":5.9841911553,"75.0":5.9349437438},"filled_area":{"0.0":41.075401829,"15.0":32.8898831608,"30.0":29.0313714306,"45.0":26.707084836,"60.0":24.8558933965,"75.0":24.5769727746},"perimeter":{"0.0":23.8811465179,"15.0":21.4318248989,"30.0":20.1204682935,"45.0":19.4215474755,"60.0":18.4965474483,"75.0":18.3753190021},"roundness":{"0.0":0.8924187213,"15.0":0.8901370087,"30.0":0.8936711287,"45.0":0.8857955278,"60.0":0.9000689496,"75.0":0.8986971765},"L":{"0.0":43.0290146097,"15.0":37.0432309006,"30.0":35.5002824461,"45.0":35.6787178624,"60.0":36.5573860921,"75.0":38.0827438983},"a":{"0.0":-101.0574900944,"15.0":-19.6326113789,"30.0":-15.5639109779,"45.0":-12.8214397012,"60.0":-11.4698543604,"75.0":-11.5396226164},"b":{"0.0":42.5187898343,"15.0":30.9506571184,"30.0":29.2863032343,"45.0":28.9014873546,"60.0":27.7927929303,"75.0":28.3759168119},"contrast":{"0.0":518.3442290654,"15.0":825.2306701366,"30.0":953.012940674,"45.0":1024.2688414473,"60.0":1144.5277554424,"75.0":1214.129873108},"correlation":{"0.0":0.9536166204,"15.0":0.9217505841,"30.0":0.9065162845,"45.0":0.9062968849,"60.0":0.8984879008,"75.0":0.8961102752},"energy":{"0.0":0.2118187197,"15.0":0.2154030626,"30.0":0.2101122022,"45.0":0.2157892121,"60.0":0.2101013836,"75.0":0.2102046373},"homogeneity":{"0.0":0.3667556389,"15.0":0.279493589,"30.0":0.2691332535,"45.0":0.2685083636,"60.0":0.2589132894,"75.0":0.26051276},"entropy":{"0.0":6.0770165796,"15.0":6.223836285,"30.0":6.2729111649,"45.0":6.3117731686,"60.0":6.3661964244,"75.0":6.3569953928},"uniformity":{"0.0":0.0452897057,"15.0":0.047318216,"30.0":0.0444818287,"45.0":0.0470922333,"60.0":0.044343394,"75.0":0.0443170477}}